model,mae,rmse,mape,directional_accuracy,total_parameters,checkpoint_size_mb,p50_latency_ms,p95_latency_ms,p99_latency_ms,mean_latency_ms,throughput_samples_per_sec,trading_return,trading_sharpe,trading_max_drawdown,trading_win_rate,cpu_quantized_speedup,cpu_quantized_size_reduction
Informer,0.4999600946903229,0.5022059082984924,22690634.0,0.5006675567423231,3725186,14.31609058380127,20.229900001140777,45.067309999285456,200.53600899831494,30.440712199924747,32.85074256582184,0.019145634226490658,0.11004126330859267,-0.16903304365404473,0.5006675567423231,0.377680006800125,3.8319798418347286
LSTM,0.4999801218509674,0.5002084970474243,24276700.0,0.5006675567423231,831874,3.177889823913574,11.648499999864725,28.383344996836936,49.28440699914063,12.98335590010538,77.02168897579735,0.019145634226490658,0.11004126330859267,-0.16903304365404473,0.5006675567423231,0.20905765682773908,3.906038922391175
