{
  "metadata": {
    "timestamp": "2026-06-11T20:22:32.315092",
    "device": "cpu"
  },
  "metrics": {
    "Informer": {
      "mae": 0.4999600946903229,
      "rmse": 0.5022059082984924,
      "mape": 22690634.0,
      "directional_accuracy": 0.5006675567423231,
      "total_parameters": 3725186,
      "trainable_parameters": 3725186,
      "file_size_mb": 14.31609058380127,
      "p50_latency_ms": 20.229900001140777,
      "p95_latency_ms": 45.067309999285456,
      "p99_latency_ms": 200.53600899831494,
      "mean_latency_ms": 30.440712199924747,
      "throughput_samples_per_sec": 32.85074256582184,
      "backtest": {
        "total_return": 0.019145634226490658,
        "sharpe_ratio": 0.11004126330859267,
        "max_drawdown": -0.16903304365404473,
        "win_rate": 0.5006675567423231
      },
      "quantization": {
        "unquantized_size_mb": 14.31609058380127,
        "quantized_size_mb": 3.7359514236450195,
        "size_reduction_ratio": 3.8319798418347286,
        "unquantized_latency_ms": 12.820172309875488,
        "quantized_latency_ms": 33.94453525543213,
        "speedup_ratio": 0.377680006800125
      }
    },
    "LSTM": {
      "mae": 0.4999801218509674,
      "rmse": 0.5002084970474243,
      "mape": 24276700.0,
      "directional_accuracy": 0.5006675567423231,
      "total_parameters": 831874,
      "trainable_parameters": 831874,
      "file_size_mb": 3.177889823913574,
      "p50_latency_ms": 11.648499999864725,
      "p95_latency_ms": 28.383344996836936,
      "p99_latency_ms": 49.28440699914063,
      "mean_latency_ms": 12.98335590010538,
      "throughput_samples_per_sec": 77.02168897579735,
      "backtest": {
        "total_return": 0.019145634226490658,
        "sharpe_ratio": 0.11004126330859267,
        "max_drawdown": -0.16903304365404473,
        "win_rate": 0.5006675567423231
      },
      "quantization": {
        "unquantized_size_mb": 3.1779069900512695,
        "quantized_size_mb": 0.8135881423950195,
        "size_reduction_ratio": 3.906038922391175,
        "unquantized_latency_ms": 21.40082359313965,
        "quantized_latency_ms": 102.36804485321045,
        "speedup_ratio": 0.20905765682773908
      }
    }
  }
}